Gran Bretana;Londres;Ingles;Europa;Libra;Britanico;Cristianismo;;;;;;;;;;;;;;;;;;;;
1;1;1;3;3;2;2;2;2;2;3;1;1;1;1;1;3;2;2;2;2;2;2;3;1;1;1
3;1;1;1;3;3;2;2;2;2;3;1;1;1;1;1;3;2;2;2;2;2;3;1;1;1;3
2;3;1;1;1;3;3;2;2;2;3;1;1;1;1;1;3;2;2;2;2;3;1;1;1;3;3
2;2;3;1;1;1;3;3;2;2;3;1;1;1;1;1;3;2;2;2;3;1;1;1;3;3;2
2;2;2;3;1;1;1;3;3;2;3;1;1;1;1;1;3;2;2;3;1;1;1;3;3;2;2
2;2;2;2;3;1;1;1;3;3;3;1;1;1;1;1;3;2;3;1;1;1;3;3;2;2;2
3;3;3;3;3;3;3;3;3;3;3;1;1;1;1;1;3;3;3;3;3;3;3;3;3;3;3
1;1;1;1;1;1;1;1;1;1;1;1;1;1;1;1;1;1;1;1;1;1;1;1;1;1;1
1;1;1;1;1;1;1;1;1;1;1;1;1;1;1;1;1;1;1;1;1;1;1;1;1;1;1
1;1;1;1;1;1;1;1;1;1;1;1;1;1;1;1;1;1;1;1;1;1;1;1;1;1;1
1;1;1;1;1;1;1;1;1;1;1;1;1;1;1;1;1;1;1;1;1;1;1;1;1;1;1
1;1;1;1;1;1;1;1;1;1;1;1;1;1;1;1;1;1;1;1;1;1;1;1;1;1;1
3;3;3;3;3;3;3;3;3;3;3;1;1;1;1;1;3;3;3;3;3;3;3;3;3;3;3
2;2;2;3;3;1;1;1;3;3;3;1;1;1;1;1;3;3;3;1;1;1;3;2;2;2;2
2;2;3;3;1;1;1;3;2;2;3;1;1;1;1;1;3;2;3;3;1;1;1;3;2;2;2
2;3;3;1;1;1;3;2;2;2;3;1;1;1;1;1;3;2;2;3;3;1;1;1;3;2;2
3;3;1;1;1;3;2;2;2;2;3;1;1;1;1;1;3;2;2;2;3;3;1;1;1;3;2
3;1;1;1;3;2;2;2;2;2;3;1;1;1;1;1;3;2;2;2;2;3;3;1;1;1;3
1;1;1;3;2;2;2;2;2;2;3;1;1;1;1;1;3;2;2;2;2;2;3;3;1;1;1
Colombia;Bogota;Espanol;America;Peso Colombiano;Colombianos;catolicismo;;;;;;;;;;;;;;;;;;;;
4;4;4;4;4;4;4;4;4;4;4;4;4;4;4;4;4;4;4;4;4;4;4;4;4;4;4
4;4;4;4;4;4;4;4;4;4;4;4;4;4;4;4;4;4;4;4;4;4;4;4;4;4;4
4;4;4;4;4;4;4;4;4;4;4;4;4;4;4;4;4;4;4;4;4;4;4;4;4;4;4
4;4;4;4;4;4;4;4;4;4;4;4;4;4;4;4;4;4;4;4;4;4;4;4;4;4;4
4;4;4;4;4;4;4;4;4;4;4;4;4;4;4;4;4;4;4;4;4;4;4;4;4;4;4
4;4;4;4;4;4;4;4;4;4;4;4;4;4;4;4;4;4;4;4;4;4;4;4;4;4;4
4;4;4;4;4;4;4;4;4;4;4;4;4;4;4;4;4;4;4;4;4;4;4;4;4;4;4
4;4;4;4;4;4;4;4;4;4;4;4;4;4;4;4;4;4;4;4;4;4;4;4;4;4;4
2;2;2;2;2;2;2;2;2;2;2;2;2;2;2;2;2;2;2;2;2;2;2;2;2;2;2
2;2;2;2;2;2;2;2;2;2;2;2;2;2;2;2;2;2;2;2;2;2;2;2;2;2;2
2;2;2;2;2;2;2;2;2;2;2;2;2;2;2;2;2;2;2;2;2;2;2;2;2;2;2
2;2;2;2;2;2;2;2;2;2;2;2;2;2;2;2;2;2;2;2;2;2;2;2;2;2;2
2;2;2;2;2;2;2;2;2;2;2;2;2;2;2;2;2;2;2;2;2;2;2;2;2;2;2
2;2;2;2;2;2;2;2;2;2;2;2;2;2;2;2;2;2;2;2;2;2;2;2;2;2;2
1;1;1;1;1;1;1;1;1;1;1;1;1;1;1;1;1;1;1;1;1;1;1;1;1;1;1
1;1;1;1;1;1;1;1;1;1;1;1;1;1;1;1;1;1;1;1;1;1;1;1;1;1;1
1;1;1;1;1;1;1;1;1;1;1;1;1;1;1;1;1;1;1;1;1;1;1;1;1;1;1
1;1;1;1;1;1;1;1;1;1;1;1;1;1;1;1;1;1;1;1;1;1;1;1;1;1;1
1;1;1;1;1;1;1;1;1;1;1;1;1;1;1;1;1;1;1;1;1;1;1;1;1;1;1
Peru;Lima;Espanol;America;Nuevo Sol;Peruano;catolicismo;;;;;;;;;;;;;;;;;;;;
1;1;1;1;1;1;1;1;1;3;3;3;3;3;3;3;3;3;1;1;1;1;1;1;1;1;1
1;1;1;1;1;1;1;1;1;3;3;3;3;3;3;3;3;3;1;1;1;1;1;1;1;1;1
1;1;1;1;1;1;1;1;1;3;3;3;3;3;3;3;3;3;1;1;1;1;1;1;1;1;1
1;1;1;1;1;1;1;1;1;3;3;3;3;3;3;3;3;3;1;1;1;1;1;1;1;1;1
1;1;1;1;1;1;1;1;1;3;3;3;3;3;3;3;3;3;1;1;1;1;1;1;1;1;1
1;1;1;1;1;1;1;1;1;3;3;3;3;3;3;3;3;3;1;1;1;1;1;1;1;1;1
1;1;1;1;1;1;1;1;1;3;3;3;3;3;3;3;3;3;1;1;1;1;1;1;1;1;1
1;1;1;1;1;1;1;1;1;3;3;3;3;3;3;3;3;3;1;1;1;1;1;1;1;1;1
1;1;1;1;1;1;1;1;1;3;3;3;3;3;3;3;3;3;1;1;1;1;1;1;1;1;1
1;1;1;1;1;1;1;1;1;3;3;3;3;3;3;3;3;3;1;1;1;1;1;1;1;1;1
1;1;1;1;1;1;1;1;1;3;3;3;3;3;3;3;3;3;1;1;1;1;1;1;1;1;1
1;1;1;1;1;1;1;1;1;3;3;3;3;3;3;3;3;3;1;1;1;1;1;1;1;1;1
1;1;1;1;1;1;1;1;1;3;3;3;3;3;3;3;3;3;1;1;1;1;1;1;1;1;1
1;1;1;1;1;1;1;1;1;3;3;3;3;3;3;3;3;3;1;1;1;1;1;1;1;1;1
1;1;1;1;1;1;1;1;1;3;3;3;3;3;3;3;3;3;1;1;1;1;1;1;1;1;1
1;1;1;1;1;1;1;1;1;3;3;3;3;3;3;3;3;3;1;1;1;1;1;1;1;1;1
1;1;1;1;1;1;1;1;1;3;3;3;3;3;3;3;3;3;1;1;1;1;1;1;1;1;1
1;1;1;1;1;1;1;1;1;3;3;3;3;3;3;3;3;3;1;1;1;1;1;1;1;1;1
1;1;1;1;1;1;1;1;1;3;3;3;3;3;3;3;3;3;1;1;1;1;1;1;1;1;1
Polonia;Varsovia;Polaco;Europa;Zloty;Polaco;Cristianismo;;;;;;;;;;;;;;;;;;;;
3;3;3;3;3;3;3;3;3;3;3;3;3;3;3;3;3;3;3;3;3;3;3;3;3;3;3
3;3;3;3;3;3;3;3;3;3;3;3;3;3;3;3;3;3;3;3;3;3;3;3;3;3;3
3;3;3;3;3;3;3;3;3;3;3;3;3;3;3;3;3;3;3;3;3;3;3;3;3;3;3
3;3;3;3;3;3;3;3;3;3;3;3;3;3;3;3;3;3;3;3;3;3;3;3;3;3;3
3;3;3;3;3;3;3;3;3;3;3;3;3;3;3;3;3;3;3;3;3;3;3;3;3;3;3
3;3;3;3;3;3;3;3;3;3;3;3;3;3;3;3;3;3;3;3;3;3;3;3;3;3;3
3;3;3;3;3;3;3;3;3;3;3;3;3;3;3;3;3;3;3;3;3;3;3;3;3;3;3
3;3;3;3;3;3;3;3;3;3;3;3;3;3;3;3;3;3;3;3;3;3;3;3;3;3;3
3;3;3;3;3;3;3;3;3;3;3;3;3;3;3;3;3;3;3;3;3;3;3;3;3;3;3
3;3;3;3;3;3;3;3;3;3;3;3;3;3;3;3;3;3;3;3;3;3;3;3;3;3;3
1;1;1;1;1;1;1;1;1;1;1;1;1;1;1;1;1;1;1;1;1;1;1;1;1;1;1
1;1;1;1;1;1;1;1;1;1;1;1;1;1;1;1;1;1;1;1;1;1;1;1;1;1;1
1;1;1;1;1;1;1;1;1;1;1;1;1;1;1;1;1;1;1;1;1;1;1;1;1;1;1
1;1;1;1;1;1;1;1;1;1;1;1;1;1;1;1;1;1;1;1;1;1;1;1;1;1;1
1;1;1;1;1;1;1;1;1;1;1;1;1;1;1;1;1;1;1;1;1;1;1;1;1;1;1
1;1;1;1;1;1;1;1;1;1;1;1;1;1;1;1;1;1;1;1;1;1;1;1;1;1;1
1;1;1;1;1;1;1;1;1;1;1;1;1;1;1;1;1;1;1;1;1;1;1;1;1;1;1
1;1;1;1;1;1;1;1;1;1;1;1;1;1;1;1;1;1;1;1;1;1;1;1;1;1;1
1;1;1;1;1;1;1;1;1;1;1;1;1;1;1;1;1;1;1;1;1;1;1;1;1;1;1
Indonesia;Yakarta;Indonesio;Asia;Rupia;Indonesio;Cristianismo, Hinduismo;;;;;;;;;;;;;;;;;;;;
1;1;1;1;1;1;1;1;1;1;1;1;1;1;1;1;1;1;1;1;1;1;1;1;1;1;1
1;1;1;1;1;1;1;1;1;1;1;1;1;1;1;1;1;1;1;1;1;1;1;1;1;1;1
1;1;1;1;1;1;1;1;1;1;1;1;1;1;1;1;1;1;1;1;1;1;1;1;1;1;1
1;1;1;1;1;1;1;1;1;1;1;1;1;1;1;1;1;1;1;1;1;1;1;1;1;1;1
1;1;1;1;1;1;1;1;1;1;1;1;1;1;1;1;1;1;1;1;1;1;1;1;1;1;1
1;1;1;1;1;1;1;1;1;1;1;1;1;1;1;1;1;1;1;1;1;1;1;1;1;1;1
1;1;1;1;1;1;1;1;1;1;1;1;1;1;1;1;1;1;1;1;1;1;1;1;1;1;1
1;1;1;1;1;1;1;1;1;1;1;1;1;1;1;1;1;1;1;1;1;1;1;1;1;1;1
1;1;1;1;1;1;1;1;1;1;1;1;1;1;1;1;1;1;1;1;1;1;1;1;1;1;1
1;1;1;1;1;1;1;1;1;1;1;1;1;1;1;1;1;1;1;1;1;1;1;1;1;1;1
3;3;3;3;3;3;3;3;3;3;3;3;3;3;3;3;3;3;3;3;3;3;3;3;3;3;3
3;3;3;3;3;3;3;3;3;3;3;3;3;3;3;3;3;3;3;3;3;3;3;3;3;3;3
3;3;3;3;3;3;3;3;3;3;3;3;3;3;3;3;3;3;3;3;3;3;3;3;3;3;3
3;3;3;3;3;3;3;3;3;3;3;3;3;3;3;3;3;3;3;3;3;3;3;3;3;3;3
3;3;3;3;3;3;3;3;3;3;3;3;3;3;3;3;3;3;3;3;3;3;3;3;3;3;3
3;3;3;3;3;3;3;3;3;3;3;3;3;3;3;3;3;3;3;3;3;3;3;3;3;3;3
3;3;3;3;3;3;3;3;3;3;3;3;3;3;3;3;3;3;3;3;3;3;3;3;3;3;3
3;3;3;3;3;3;3;3;3;3;3;3;3;3;3;3;3;3;3;3;3;3;3;3;3;3;3
3;3;3;3;3;3;3;3;3;3;3;3;3;3;3;3;3;3;3;3;3;3;3;3;3;3;3
Italia;Roma;Italiano;Europa;Euros;Italiano;Mayoritariamente Cristianismo;;;;;;;;;;;;;;;;;;;;
5;5;5;5;5;5;5;5;5;3;3;3;3;3;3;3;3;3;1;1;1;1;1;1;1;1;1
5;5;5;5;5;5;5;5;5;3;3;3;3;3;3;3;3;3;1;1;1;1;1;1;1;1;1
5;5;5;5;5;5;5;5;5;3;3;3;3;3;3;3;3;3;1;1;1;1;1;1;1;1;1
5;5;5;5;5;5;5;5;5;3;3;3;3;3;3;3;3;3;1;1;1;1;1;1;1;1;1
5;5;5;5;5;5;5;5;5;3;3;3;3;3;3;3;3;3;1;1;1;1;1;1;1;1;1
5;5;5;5;5;5;5;5;5;3;3;3;3;3;3;3;3;3;1;1;1;1;1;1;1;1;1
5;5;5;5;5;5;5;5;5;3;3;3;3;3;3;3;3;3;1;1;1;1;1;1;1;1;1
5;5;5;5;5;5;5;5;5;3;3;3;3;3;3;3;3;3;1;1;1;1;1;1;1;1;1
5;5;5;5;5;5;5;5;5;3;3;3;3;3;3;3;3;3;1;1;1;1;1;1;1;1;1
5;5;5;5;5;5;5;5;5;3;3;3;3;3;3;3;3;3;1;1;1;1;1;1;1;1;1
5;5;5;5;5;5;5;5;5;3;3;3;3;3;3;3;3;3;1;1;1;1;1;1;1;1;1
5;5;5;5;5;5;5;5;5;3;3;3;3;3;3;3;3;3;1;1;1;1;1;1;1;1;1
5;5;5;5;5;5;5;5;5;3;3;3;3;3;3;3;3;3;1;1;1;1;1;1;1;1;1
5;5;5;5;5;5;5;5;5;3;3;3;3;3;3;3;3;3;1;1;1;1;1;1;1;1;1
5;5;5;5;5;5;5;5;5;3;3;3;3;3;3;3;3;3;1;1;1;1;1;1;1;1;1
5;5;5;5;5;5;5;5;5;3;3;3;3;3;3;3;3;3;1;1;1;1;1;1;1;1;1
5;5;5;5;5;5;5;5;5;3;3;3;3;3;3;3;3;3;1;1;1;1;1;1;1;1;1
5;5;5;5;5;5;5;5;5;3;3;3;3;3;3;3;3;3;1;1;1;1;1;1;1;1;1
5;5;5;5;5;5;5;5;5;3;3;3;3;3;3;3;3;3;1;1;1;1;1;1;1;1;1
Nigeria;Abuya;ingles;Asia;Naira;Nigeriano;Musulmana, Cristiana (Protestante, Católica...);;;;;;;;;;;;;;;;;;;;
5;5;5;5;5;5;5;5;5;3;3;3;3;3;3;3;3;3;5;5;5;5;5;5;5;5;5
5;5;5;5;5;5;5;5;5;3;3;3;3;3;3;3;3;3;5;5;5;5;5;5;5;5;5
5;5;5;5;5;5;5;5;5;3;3;3;3;3;3;3;3;3;5;5;5;5;5;5;5;5;5
5;5;5;5;5;5;5;5;5;3;3;3;3;3;3;3;3;3;5;5;5;5;5;5;5;5;5
5;5;5;5;5;5;5;5;5;3;3;3;3;3;3;3;3;3;5;5;5;5;5;5;5;5;5
5;5;5;5;5;5;5;5;5;3;3;3;3;3;3;3;3;3;5;5;5;5;5;5;5;5;5
5;5;5;5;5;5;5;5;5;3;3;3;3;3;3;3;3;3;5;5;5;5;5;5;5;5;5
5;5;5;5;5;5;5;5;5;3;3;3;3;3;3;3;3;3;5;5;5;5;5;5;5;5;5
5;5;5;5;5;5;5;5;5;3;3;3;3;3;3;3;3;3;5;5;5;5;5;5;5;5;5
5;5;5;5;5;5;5;5;5;3;3;3;3;3;3;3;3;3;5;5;5;5;5;5;5;5;5
5;5;5;5;5;5;5;5;5;3;3;3;3;3;3;3;3;3;5;5;5;5;5;5;5;5;5
5;5;5;5;5;5;5;5;5;3;3;3;3;3;3;3;3;3;5;5;5;5;5;5;5;5;5
5;5;5;5;5;5;5;5;5;3;3;3;3;3;3;3;3;3;5;5;5;5;5;5;5;5;5
5;5;5;5;5;5;5;5;5;3;3;3;3;3;3;3;3;3;5;5;5;5;5;5;5;5;5
5;5;5;5;5;5;5;5;5;3;3;3;3;3;3;3;3;3;5;5;5;5;5;5;5;5;5
5;5;5;5;5;5;5;5;5;3;3;3;3;3;3;3;3;3;5;5;5;5;5;5;5;5;5
5;5;5;5;5;5;5;5;5;3;3;3;3;3;3;3;3;3;5;5;5;5;5;5;5;5;5
5;5;5;5;5;5;5;5;5;3;3;3;3;3;3;3;3;3;5;5;5;5;5;5;5;5;5
5;5;5;5;5;5;5;5;5;3;3;3;3;3;3;3;3;3;5;5;5;5;5;5;5;5;5
Noruega;Oslo;Noruego;Europa;Corona;Noruego;Cristiana (Protestante);;;;;;;;;;;;;;;;;;;;
1;1;1;1;1;1;1;3;2;2;3;1;1;1;1;1;1;1;1;1;1;1;1;1;1;1;1
1;1;1;1;1;1;1;3;2;2;3;1;1;1;1;1;1;1;1;1;1;1;1;1;1;1;1
1;1;1;1;1;1;1;3;2;2;3;1;1;1;1;1;1;1;1;1;1;1;1;1;1;1;1
1;1;1;1;1;1;1;3;2;2;3;1;1;1;1;1;1;1;1;1;1;1;1;1;1;1;1
1;1;1;1;1;1;1;3;2;2;3;1;1;1;1;1;1;1;1;1;1;1;1;1;1;1;1
1;1;1;1;1;1;1;3;2;2;3;1;1;1;1;1;1;1;1;1;1;1;1;1;1;1;1
1;1;1;1;1;1;1;3;2;2;3;1;1;1;1;1;1;1;1;1;1;1;1;1;1;1;1
3;3;3;3;3;3;3;3;2;2;3;3;3;3;3;3;3;3;3;3;3;3;3;3;3;3;3
2;2;2;2;2;2;2;2;2;2;2;2;2;2;2;2;2;2;2;2;2;2;2;2;2;2;2
2;2;2;2;2;2;2;2;2;2;2;2;2;2;2;2;2;2;2;2;2;2;2;2;2;2;2
2;2;2;2;2;2;2;2;2;2;2;2;2;2;2;2;2;2;2;2;2;2;2;2;2;2;2
2;2;2;2;2;2;2;2;2;2;2;2;2;2;2;2;2;2;2;2;2;2;2;2;2;2;2
3;3;3;3;3;3;3;3;2;2;3;3;3;3;3;3;3;3;3;3;3;3;3;3;3;3;3
1;1;1;1;1;1;1;3;2;2;3;1;1;1;1;1;1;1;1;1;1;1;1;1;1;1;1
1;1;1;1;1;1;1;3;2;2;3;1;1;1;1;1;1;1;1;1;1;1;1;1;1;1;1
1;1;1;1;1;1;1;3;2;2;3;1;1;1;1;1;1;1;1;1;1;1;1;1;1;1;1
1;1;1;1;1;1;1;3;2;2;3;1;1;1;1;1;1;1;1;1;1;1;1;1;1;1;1
1;1;1;1;1;1;1;3;2;2;3;1;1;1;1;1;1;1;1;1;1;1;1;1;1;1;1
1;1;1;1;1;1;1;3;2;2;3;1;1;1;1;1;1;1;1;1;1;1;1;1;1;1;1
Isla de Pascua;Hanga Roa;Rapa nui;America;Peso chileno;pascuense;rapanui;;;;;;;;;;;;;;;;;;;;
3;3;3;3;3;3;3;3;3;3;3;3;3;3;3;3;3;3;3;3;3;3;3;3;3;3;3
3;3;3;3;3;3;3;3;3;3;3;3;3;3;3;3;3;3;3;3;3;3;3;3;3;3;3
3;3;3;3;3;3;3;3;3;3;3;3;3;3;3;3;3;3;3;3;3;3;3;3;3;3;3
3;3;3;3;3;3;3;3;3;3;3;3;3;3;3;3;3;3;3;3;3;3;3;3;3;3;3
3;3;3;3;3;3;3;3;3;3;3;3;3;3;3;3;3;3;3;3;3;3;3;3;3;3;3
3;3;3;1;3;3;3;3;3;3;3;3;3;3;3;3;3;3;3;3;3;3;3;1;3;3;3
3;3;3;3;1;1;3;3;3;3;3;3;3;3;3;3;3;3;3;3;3;1;1;3;3;3;3
3;3;3;3;1;3;3;3;3;3;3;3;3;3;3;3;3;3;3;3;3;3;1;3;3;3;3
3;3;3;3;3;1;1;3;3;3;3;3;3;3;3;3;3;3;3;3;1;1;3;3;3;3;3
3;3;3;3;3;1;1;1;1;1;3;3;3;3;3;3;3;1;1;1;1;1;3;3;3;3;3
3;3;3;3;3;3;1;1;1;3;1;3;3;3;3;3;1;3;1;1;1;3;3;3;3;3;3
3;3;3;3;3;3;1;1;1;1;1;1;1;1;1;1;1;1;1;1;1;3;3;3;3;3;3
3;3;3;3;3;3;3;1;1;1;1;1;1;1;1;1;1;1;1;1;3;3;3;3;3;3;3
3;3;3;3;3;3;3;3;1;1;1;1;1;1;1;1;1;1;1;3;3;3;3;3;3;3;3
3;3;3;3;3;3;3;3;3;1;1;1;1;1;1;1;1;1;3;3;3;3;3;3;3;3;3
3;3;3;3;3;3;3;3;3;3;1;1;1;1;1;1;1;3;3;3;3;3;3;3;3;3;3
3;3;3;3;3;3;3;3;3;3;3;3;3;3;3;3;3;3;3;3;3;3;3;3;3;3;3
3;3;3;3;3;3;3;3;3;3;3;3;3;3;3;3;3;3;3;3;3;3;3;3;3;3;3
3;3;3;3;3;3;3;3;3;3;3;3;3;3;3;3;3;3;3;3;3;3;3;3;3;3;3
Romania;Bucarest;Rumano;Europa;Leu Rumano;Cristiano;Rumano;;;;;;;;;;;;;;;;;;;;
2;2;2;2;2;2;2;2;2;4;4;4;4;4;4;4;4;4;1;1;1;1;1;1;1;1;1
2;2;2;2;2;2;2;2;2;4;4;4;4;4;4;4;4;4;1;1;1;1;1;1;1;1;1
2;2;2;2;2;2;2;2;2;4;4;4;4;4;4;4;4;4;1;1;1;1;1;1;1;1;1
2;2;2;2;2;2;2;2;2;4;4;4;4;4;4;4;4;4;1;1;1;1;1;1;1;1;1
2;2;2;2;2;2;2;2;2;4;4;4;4;4;4;4;4;4;1;1;1;1;1;1;1;1;1
2;2;2;2;2;2;2;2;2;4;4;4;4;4;4;4;4;4;1;1;1;1;1;1;1;1;1
2;2;2;2;2;2;2;2;2;4;4;4;4;4;4;4;4;4;1;1;1;1;1;1;1;1;1
2;2;2;2;2;2;2;2;2;4;4;4;4;4;4;4;4;4;1;1;1;1;1;1;1;1;1
2;2;2;2;2;2;2;2;2;4;4;4;4;4;4;4;4;4;1;1;1;1;1;1;1;1;1
2;2;2;2;2;2;2;2;2;4;4;4;4;4;4;4;4;4;1;1;1;1;1;1;1;1;1
2;2;2;2;2;2;2;2;2;4;4;4;4;4;4;4;4;4;1;1;1;1;1;1;1;1;1
2;2;2;2;2;2;2;2;2;4;4;4;4;4;4;4;4;4;1;1;1;1;1;1;1;1;1
2;2;2;2;2;2;2;2;2;4;4;4;4;4;4;4;4;4;1;1;1;1;1;1;1;1;1
2;2;2;2;2;2;2;2;2;4;4;4;4;4;4;4;4;4;1;1;1;1;1;1;1;1;1
2;2;2;2;2;2;2;2;2;4;4;4;4;4;4;4;4;4;1;1;1;1;1;1;1;1;1
2;2;2;2;2;2;2;2;2;4;4;4;4;4;4;4;4;4;1;1;1;1;1;1;1;1;1
2;2;2;2;2;2;2;2;2;4;4;4;4;4;4;4;4;4;1;1;1;1;1;1;1;1;1
2;2;2;2;2;2;2;2;2;4;4;4;4;4;4;4;4;4;1;1;1;1;1;1;1;1;1
2;2;2;2;2;2;2;2;2;4;4;4;4;4;4;4;4;4;1;1;1;1;1;1;1;1;1
Alemania;Berlin;Aleman;Europa;Euro;Catolicismo;Aleman;;;;;;;;;;;;;;;;;;;;
8;8;8;8;8;8;8;8;8;8;8;8;8;8;8;8;8;8;8;8;8;8;8;8;8;8;8
8;8;8;8;8;8;8;8;8;8;8;8;8;8;8;8;8;8;8;8;8;8;8;8;8;8;8
8;8;8;8;8;8;8;8;8;8;8;8;8;8;8;8;8;8;8;8;8;8;8;8;8;8;8
8;8;8;8;8;8;8;8;8;8;8;8;8;8;8;8;8;8;8;8;8;8;8;8;8;8;8
8;8;8;8;8;8;8;8;8;8;8;8;8;8;8;8;8;8;8;8;8;8;8;8;8;8;8
8;8;8;8;8;8;8;8;8;8;8;8;8;8;8;8;8;8;8;8;8;8;8;8;8;8;8
1;1;1;1;1;1;1;1;1;1;1;1;1;1;1;1;1;1;1;1;1;1;1;1;1;1;1
1;1;1;1;1;1;1;1;1;1;1;1;1;1;1;1;1;1;1;1;1;1;1;1;1;1;1
1;1;1;1;1;1;1;1;1;1;1;1;1;1;1;1;1;1;1;1;1;1;1;1;1;1;1
1;1;1;1;1;1;1;1;1;1;1;1;1;1;1;1;1;1;1;1;1;1;1;1;1;1;1
1;1;1;1;1;1;1;1;1;1;1;1;1;1;1;1;1;1;1;1;1;1;1;1;1;1;1
1;1;1;1;1;1;1;1;1;1;1;1;1;1;1;1;1;1;1;1;1;1;1;1;1;1;1
4;4;4;4;4;4;4;4;4;4;4;4;4;4;4;4;4;4;4;4;4;4;4;4;4;4;4
4;4;4;4;4;4;4;4;4;4;4;4;4;4;4;4;4;4;4;4;4;4;4;4;4;4;4
4;4;4;4;4;4;4;4;4;4;4;4;4;4;4;4;4;4;4;4;4;4;4;4;4;4;4
4;4;4;4;4;4;4;4;4;4;4;4;4;4;4;4;4;4;4;4;4;4;4;4;4;4;4
4;4;4;4;4;4;4;4;4;4;4;4;4;4;4;4;4;4;4;4;4;4;4;4;4;4;4
4;4;4;4;4;4;4;4;4;4;4;4;4;4;4;4;4;4;4;4;4;4;4;4;4;4;4
4;4;4;4;4;4;4;4;4;4;4;4;4;4;4;4;4;4;4;4;4;4;4;4;4;4;4
Japon;Tokio;Japones;Asia;Yen;Sintoismo;Japones;;;;;;;;;;;;;;;;;;;;
3;3;3;3;3;3;3;3;3;3;3;3;3;3;3;3;3;3;3;3;3;3;3;3;3;3;3
3;3;3;3;3;3;3;3;3;3;3;3;3;3;3;3;3;3;3;3;3;3;3;3;3;3;3
3;3;3;3;3;3;3;3;3;3;3;3;3;3;3;3;3;3;3;3;3;3;3;3;3;3;3
3;3;3;3;3;3;3;3;3;3;1;1;1;1;1;1;1;3;3;3;3;3;3;3;3;3;3
3;3;3;3;3;3;3;3;3;1;1;1;1;1;1;1;1;1;3;3;3;3;3;3;3;3;3
3;3;3;3;3;3;3;3;1;1;1;1;1;1;1;1;1;1;1;3;3;3;3;3;3;3;3
3;3;3;3;3;3;3;1;1;1;1;1;1;1;1;1;1;1;1;1;3;3;3;3;3;3;3
3;3;3;3;3;3;1;1;1;1;1;1;1;1;1;1;1;1;1;1;1;3;3;3;3;3;3
3;3;3;3;3;3;1;1;1;1;1;1;1;1;1;1;1;1;1;1;1;3;3;3;3;3;3
3;3;3;3;3;3;1;1;1;1;1;1;1;1;1;1;1;1;1;1;1;3;3;3;3;3;3
3;3;3;3;3;3;1;1;1;1;1;1;1;1;1;1;1;1;1;1;1;3;3;3;3;3;3
3;3;3;3;3;3;1;1;1;1;1;1;1;1;1;1;1;1;1;1;1;3;3;3;3;3;3
3;3;3;3;3;3;3;1;1;1;1;1;1;1;1;1;1;1;1;1;3;3;3;3;3;3;3
3;3;3;3;3;3;3;3;1;1;1;1;1;1;1;1;1;1;1;3;3;3;3;3;3;3;3
3;3;3;3;3;3;3;3;3;1;1;1;1;1;1;1;1;1;3;3;3;3;3;3;3;3;3
3;3;3;3;3;3;3;3;3;3;1;1;1;1;1;1;1;3;3;3;3;3;3;3;3;3;3
3;3;3;3;3;3;3;3;3;3;3;3;3;3;3;3;3;3;3;3;3;3;3;3;3;3;3
3;3;3;3;3;3;3;3;3;3;3;3;3;3;3;3;3;3;3;3;3;3;3;3;3;3;3
3;3;3;3;3;3;3;3;3;3;3;3;3;3;3;3;3;3;3;3;3;3;3;3;3;3;3
Aland;Marieham;Sueco;Europa;Euro;Christianity (Protestantism);Alandes;;;;;;;;;;;;;;;;;;;;
2;2;2;2;2;2;2;2;4;4;1;1;4;4;2;2;2;2;2;2;2;2;2;2;2;2;2
2;2;2;2;2;2;2;2;4;4;1;1;4;4;2;2;2;2;2;2;2;2;2;2;2;2;2
2;2;2;2;2;2;2;2;4;4;1;1;4;4;2;2;2;2;2;2;2;2;2;2;2;2;2
2;2;2;2;2;2;2;2;4;4;1;1;4;4;2;2;2;2;2;2;2;2;2;2;2;2;2
2;2;2;2;2;2;2;2;4;4;1;1;4;4;2;2;2;2;2;2;2;2;2;2;2;2;2
2;2;2;2;2;2;2;2;4;4;1;1;4;4;2;2;2;2;2;2;2;2;2;2;2;2;2
2;2;2;2;2;2;2;2;4;4;1;1;4;4;2;2;2;2;2;2;2;2;2;2;2;2;2
4;4;4;4;4;4;4;4;4;4;1;1;4;4;4;4;4;4;4;4;4;4;4;4;4;4;4
4;4;4;4;4;4;4;4;4;4;1;1;4;4;4;4;4;4;4;4;4;4;4;4;4;4;4
1;1;1;1;1;1;1;1;1;1;1;1;1;1;1;1;1;1;1;1;1;1;1;1;1;1;1
1;1;1;1;1;1;1;1;1;1;1;1;1;1;1;1;1;1;1;1;1;1;1;1;1;1;1
1;1;1;1;1;1;1;1;1;1;1;1;1;1;1;1;1;1;1;1;1;1;1;1;1;1;1
4;4;4;4;4;4;4;4;4;4;1;1;4;4;4;4;4;4;4;4;4;4;4;4;4;4;4
4;4;4;4;4;4;4;4;4;4;1;1;4;4;4;4;4;4;4;4;4;4;4;4;4;4;4
2;2;2;2;2;2;2;2;4;4;1;1;4;4;2;2;2;2;2;2;2;2;2;2;2;2;2
2;2;2;2;2;2;2;2;4;4;1;1;4;4;2;2;2;2;2;2;2;2;2;2;2;2;2
2;2;2;2;2;2;2;2;4;4;1;1;4;4;2;2;2;2;2;2;2;2;2;2;2;2;2
2;2;2;2;2;2;2;2;4;4;1;1;4;4;2;2;2;2;2;2;2;2;2;2;2;2;2
2;2;2;2;2;2;2;2;4;4;1;1;4;4;2;2;2;2;2;2;2;2;2;2;2;2;2
Corea del sur;Seul;Coreano;Asia;WON;Cristianismo;Sur coreano;;;;;;;;;;;;;;;;;;;;
3;3;3;3;3;3;3;3;3;3;3;3;3;3;3;3;3;3;3;3;3;3;3;3;3;3;3
3;3;3;3;8;3;3;3;3;3;3;3;3;3;3;3;3;3;3;3;3;3;8;3;3;3;3
3;3;3;8;3;3;8;3;3;3;3;3;3;3;3;3;3;3;3;3;8;3;3;8;3;3;3
3;3;3;8;3;8;3;3;8;3;3;3;3;3;3;3;3;3;8;3;3;8;3;8;3;3;3
3;3;8;3;3;8;3;8;3;3;3;3;3;3;3;3;3;3;3;8;3;8;3;3;8;3;3
3;8;3;3;8;3;3;8;3;3;3;3;1;1;1;3;3;3;3;8;3;3;8;3;3;8;3
3;3;3;8;3;3;8;3;3;3;3;1;1;1;1;1;3;3;3;3;8;3;3;8;3;3;3
3;3;3;3;3;8;3;3;3;3;1;1;1;1;1;1;1;3;3;3;3;8;3;3;3;3;3
3;3;3;3;3;3;3;3;3;3;2;1;1;1;1;1;1;3;3;3;3;3;3;3;3;3;3
3;3;3;3;3;3;3;3;3;3;2;1;1;1;2;2;1;3;3;3;3;3;3;3;3;3;3
3;3;3;3;3;3;3;3;3;3;2;2;1;2;2;2;1;3;3;3;3;3;3;3;3;3;3
3;3;3;3;3;8;3;3;3;3;2;2;2;2;2;2;2;3;3;3;3;8;3;3;3;3;3
3;3;3;8;3;3;8;3;3;3;3;2;2;2;2;2;3;3;3;3;8;3;3;8;3;3;3
3;8;3;3;8;3;3;8;3;3;3;3;2;2;2;3;3;3;3;8;3;3;8;3;3;8;3
3;3;8;3;3;3;3;8;3;3;3;3;3;3;3;3;3;3;3;8;3;3;3;3;8;3;3
3;3;3;8;3;8;3;3;8;3;3;3;3;3;3;3;3;3;8;3;3;8;3;3;3;3;3
3;3;3;8;3;3;8;3;3;3;3;3;3;3;3;3;3;3;3;3;8;3;3;8;3;3;3
3;3;3;3;8;3;3;3;3;3;3;3;3;3;3;3;3;3;3;3;3;3;8;3;3;3;3
3;3;3;3;3;3;3;3;3;3;3;3;3;3;3;3;3;3;3;3;3;3;3;3;3;3;3
Seychelles;Victoria;Ingles;Africa;Rupia;Roman Catholicism ;Seychellense;;;;;;;;;;;;;;;;;;;;
2;2;2;2;2;2;2;4;4;4;4;4;4;4;4;4;4;4;4;4;1;1;1;1;1;1;1
2;2;2;2;2;2;4;4;4;4;4;4;4;4;4;4;4;4;4;1;1;1;1;1;1;1;1
2;2;2;2;2;2;4;4;4;4;4;4;4;4;4;4;4;4;1;1;1;1;1;1;1;1;1
2;2;2;2;2;2;4;4;4;4;4;4;4;4;4;4;4;1;1;1;1;1;1;1;1;1;1
2;2;2;2;2;4;4;4;4;4;4;4;4;4;4;4;1;1;1;1;1;1;1;1;1;1;1
2;2;2;2;2;4;4;4;4;4;4;4;4;4;4;1;1;1;1;1;1;1;1;1;1;1;1
2;2;2;2;2;4;4;4;4;4;4;4;4;4;1;1;1;1;1;1;1;1;1;1;1;1;1
2;2;2;2;2;4;4;4;4;4;4;4;4;1;1;1;1;1;1;1;1;1;1;1;1;1;1
2;2;2;2;4;4;4;4;4;4;4;4;1;1;1;1;1;1;1;1;1;1;1;1;1;1;1
2;2;2;2;4;4;4;4;4;4;4;1;1;1;1;1;1;1;1;1;1;1;1;1;1;3;3
2;2;2;4;4;4;4;4;4;4;1;1;1;1;1;1;1;1;1;1;1;1;1;3;3;3;3
2;2;2;4;4;4;4;4;4;1;1;1;1;1;1;1;1;1;1;1;1;3;3;3;3;3;3
2;2;2;4;4;4;4;4;1;1;1;1;1;1;1;1;1;1;1;3;3;3;3;3;3;3;3
2;2;4;4;4;4;4;1;1;1;1;1;1;1;1;1;1;3;3;3;3;3;3;3;3;3;5
2;2;4;4;4;4;1;1;1;1;1;1;1;1;1;1;3;3;3;3;3;3;3;3;5;5;5
2;2;4;4;4;1;1;1;1;1;1;1;1;3;3;3;3;3;3;3;3;3;5;5;5;5;5
2;4;4;4;1;1;1;1;1;1;1;3;3;3;3;3;3;3;3;3;5;5;5;5;5;5;5
2;4;4;1;1;1;1;1;1;3;3;3;3;3;3;3;3;3;5;5;5;5;5;5;5;5;5
2;4;1;1;1;1;1;3;3;3;3;3;3;3;3;3;5;5;5;5;5;5;5;5;5;5;5
Gibraltar;Gibraltar;llanito;Europa;Libra;Roman Catholic;gibraltareno;;;;;;;;;;;;;;;;;;;;
3;3;3;3;3;3;3;3;3;3;3;3;3;3;3;3;3;3;3;3;3;3;3;3;3;3;3
3;3;3;3;3;3;3;3;3;3;3;3;3;3;3;3;3;3;3;3;3;3;3;3;3;3;3
3;3;3;3;3;3;3;3;3;3;3;3;3;3;3;3;3;3;3;3;3;3;3;3;3;3;3
3;3;3;3;3;3;3;3;3;3;3;1;3;1;3;1;3;3;3;3;3;3;3;3;3;3;3
3;3;3;3;3;3;3;3;3;1;3;3;1;1;1;3;3;1;3;3;3;3;3;3;3;3;3
3;3;3;3;3;3;3;3;1;1;1;3;1;1;1;3;1;1;1;3;3;3;3;3;3;3;3
3;3;3;3;3;3;3;3;1;8;1;3;1;8;1;3;1;8;1;3;3;3;3;3;3;3;3
3;3;3;3;3;3;3;3;1;1;1;1;1;1;1;1;1;1;1;3;3;3;3;3;3;3;3
3;3;3;3;3;3;3;3;3;1;1;1;1;8;1;1;1;1;3;3;3;3;3;3;3;3;3
3;3;3;3;3;3;3;3;3;1;8;1;8;8;8;1;8;1;3;3;3;3;3;3;3;3;3
3;3;3;3;3;3;3;3;3;1;8;1;8;8;8;1;8;1;3;3;3;3;3;3;3;3;3
3;3;3;3;3;3;3;1;1;1;1;1;4;1;4;1;1;1;1;1;3;3;3;3;3;3;3
3;3;3;3;3;3;3;3;1;1;1;1;1;4;1;1;1;1;1;3;3;3;3;3;3;3;3
3;3;3;3;3;3;3;3;3;3;3;3;3;4;3;3;3;3;3;3;3;3;3;3;3;3;3
1;1;1;1;1;1;1;1;1;1;1;1;1;4;1;1;1;1;1;1;1;1;1;1;1;1;1
1;1;1;1;1;1;1;1;1;1;1;1;4;4;1;1;1;1;1;1;1;1;1;1;1;1;1
1;1;1;1;1;1;1;1;1;1;1;1;1;4;1;1;1;1;1;1;1;1;1;1;1;1;1
1;1;1;1;1;1;1;1;1;1;1;1;4;4;1;1;1;1;1;1;1;1;1;1;1;1;1
1;1;1;1;1;1;1;1;1;1;1;1;1;1;1;1;1;1;1;1;1;1;1;1;1;1;1
Siria;Damasco;Arabe;Asia;Libra;islam;Sirio;;;;;;;;;;;;;;;;;;;;
1;1;1;1;1;1;1;1;1;1;1;1;1;1;1;1;1;1;1;1;1;1;1;1;1;1;1
1;1;1;1;1;1;1;1;1;1;1;1;1;1;1;1;1;1;1;1;1;1;1;1;1;1;1
1;1;1;1;1;1;1;1;1;1;1;1;1;1;1;1;1;1;1;1;1;1;1;1;1;1;1
1;1;1;1;1;1;1;1;1;1;1;1;1;1;1;1;1;1;1;1;1;1;1;1;1;1;1
1;1;1;1;1;1;1;1;1;1;1;1;1;1;1;1;1;1;1;1;1;1;1;1;1;1;1
1;1;1;1;1;1;1;1;1;1;1;1;1;1;1;1;1;1;1;1;1;1;1;1;1;1;1
3;3;3;3;3;3;3;3;3;3;3;3;3;3;3;3;3;3;3;3;3;3;3;3;3;3;3
3;3;3;3;3;3;3;3;5;3;3;3;3;3;3;3;3;3;5;3;3;3;3;3;3;3;3
3;3;3;3;3;3;5;5;5;5;5;3;3;3;3;3;5;5;5;5;5;3;3;3;3;3;3
3;3;3;3;3;3;3;5;5;5;3;3;3;3;3;3;3;5;5;5;3;3;3;3;3;3;3
3;3;3;3;3;3;3;5;5;5;3;3;3;3;3;3;3;5;5;5;3;3;3;3;3;3;3
3;3;3;3;3;3;3;5;3;5;3;3;3;3;3;3;3;5;3;5;3;3;3;3;3;3;3
3;3;3;3;3;3;3;3;3;3;3;3;3;3;3;3;3;3;3;3;3;3;3;3;3;3;3
8;8;8;8;8;8;8;8;8;8;8;8;8;8;8;8;8;8;8;8;8;8;8;8;8;8;8
8;8;8;8;8;8;8;8;8;8;8;8;8;8;8;8;8;8;8;8;8;8;8;8;8;8;8
8;8;8;8;8;8;8;8;8;8;8;8;8;8;8;8;8;8;8;8;8;8;8;8;8;8;8
8;8;8;8;8;8;8;8;8;8;8;8;8;8;8;8;8;8;8;8;8;8;8;8;8;8;8
8;8;8;8;8;8;8;8;8;8;8;8;8;8;8;8;8;8;8;8;8;8;8;8;8;8;8
8;8;8;8;8;8;8;8;8;8;8;8;8;8;8;8;8;8;8;8;8;8;8;8;8;8;8
Republica Checa;Praga;Checo;Europa;Corona;Cristianismo;Checo;;;;;;;;;;;;;;;;;;;;
2;3;3;3;3;3;3;3;3;3;3;3;3;3;3;3;3;3;3;3;3;3;3;3;3;3;3
2;2;3;3;3;3;3;3;3;3;3;3;3;3;3;3;3;3;3;3;3;3;3;3;3;3;3
2;2;2;3;3;3;3;3;3;3;3;3;3;3;3;3;3;3;3;3;3;3;3;3;3;3;3
2;2;2;2;3;3;3;3;3;3;3;3;3;3;3;3;3;3;3;3;3;3;3;3;3;3;3
2;2;2;2;2;3;3;3;3;3;3;3;3;3;3;3;3;3;3;3;3;3;3;3;3;3;3
2;2;2;2;2;2;3;3;3;3;3;3;3;3;3;3;3;3;3;3;3;3;3;3;3;3;3
2;2;2;2;2;2;2;3;3;3;3;3;3;3;3;3;3;3;3;3;3;3;3;3;3;3;3
2;2;2;2;2;2;2;2;3;3;3;3;3;3;3;3;3;3;3;3;3;3;3;3;3;3;3
2;2;2;2;2;2;2;2;2;3;3;3;3;3;3;3;3;3;3;3;3;3;3;3;3;3;3
2;2;2;2;2;2;2;2;2;2;3;1;3;1;3;1;3;1;3;1;3;1;3;1;3;1;3
2;2;2;2;2;2;2;2;2;1;1;1;1;1;1;1;1;1;1;1;1;1;1;1;1;1;1
2;2;2;2;2;2;2;2;1;1;1;1;1;1;1;1;1;1;1;1;1;1;1;1;1;1;1
2;2;2;2;2;2;2;1;1;1;1;1;1;1;1;1;1;1;1;1;1;1;1;1;1;1;1
2;2;2;2;2;2;1;1;1;1;1;1;1;1;1;1;1;1;1;1;1;1;1;1;1;1;1
2;2;2;2;2;1;1;1;1;1;1;1;1;1;1;1;1;1;1;1;1;1;1;1;1;1;1
2;2;2;2;1;1;1;1;1;1;1;1;1;1;1;1;1;1;1;1;1;1;1;1;1;1;1
2;2;2;1;1;1;1;1;1;1;1;1;1;1;1;1;1;1;1;1;1;1;1;1;1;1;1
2;2;1;1;1;1;1;1;1;1;1;1;1;1;1;1;1;1;1;1;1;1;1;1;1;1;1
2;1;1;1;1;1;1;1;1;1;1;1;1;1;1;1;1;1;1;1;1;1;1;1;1;1;1
Libano;Beirut;Arabe;Asia;libra;Islam;Libanes;;;;;;;;;;;;;;;;;;;;
1;1;1;1;1;1;1;1;1;1;1;1;1;1;1;1;1;1;1;1;1;1;1;1;1;1;1
1;1;1;1;1;1;1;1;1;1;1;1;1;1;1;1;1;1;1;1;1;1;1;1;1;1;1
1;1;1;1;1;1;1;1;1;1;1;1;1;1;1;1;1;1;1;1;1;1;1;1;1;1;1
1;1;1;1;1;1;1;1;1;1;1;1;1;1;1;1;1;1;1;1;1;1;1;1;1;1;1
1;1;1;1;1;1;1;1;1;1;1;1;1;1;1;1;1;1;1;1;1;1;1;1;1;1;1
3;3;3;3;3;3;3;3;3;3;3;3;3;3;3;3;3;3;3;3;3;3;3;3;3;3;3
3;3;3;3;3;3;3;3;3;3;3;3;3;3;3;3;3;3;3;3;3;3;3;3;3;3;3
3;3;3;3;3;3;3;3;3;3;3;3;3;2;3;3;3;3;3;3;3;3;3;3;3;3;3
3;3;3;3;3;3;3;3;3;3;3;3;2;2;2;3;3;3;3;3;3;3;3;3;3;3;3
3;3;3;3;3;3;3;3;3;3;3;2;2;2;2;2;3;3;3;3;3;3;3;3;3;3;3
3;3;3;3;3;3;3;3;3;3;2;2;2;2;2;2;2;3;3;3;3;3;3;3;3;3;3
3;3;3;3;3;3;3;3;3;3;3;3;3;2;3;3;3;3;3;3;3;3;3;3;3;3;3
3;3;3;3;3;3;3;3;3;3;3;3;3;3;3;3;3;3;3;3;3;3;3;3;3;3;3
3;3;3;3;3;3;3;3;3;3;3;3;3;3;3;3;3;3;3;3;3;3;3;3;3;3;3
1;1;1;1;1;1;1;1;1;1;1;1;1;1;1;1;1;1;1;1;1;1;1;1;1;1;1
1;1;1;1;1;1;1;1;1;1;1;1;1;1;1;1;1;1;1;1;1;1;1;1;1;1;1
1;1;1;1;1;1;1;1;1;1;1;1;1;1;1;1;1;1;1;1;1;1;1;1;1;1;1
1;1;1;1;1;1;1;1;1;1;1;1;1;1;1;1;1;1;1;1;1;1;1;1;1;1;1
1;1;1;1;1;1;1;1;1;1;1;1;1;1;1;1;1;1;1;1;1;1;1;1;1;1;1
Escocia;Edinburgo;Ingles;Europa;Libra;presbiteriana;Escoces;;;;;;;;;;;;;;;;;;;;
3;3;3;3;2;2;2;2;2;2;2;2;2;2;2;2;2;2;2;2;2;2;2;3;3;3;3
2;3;3;3;3;2;2;2;2;2;2;2;2;2;2;2;2;2;2;2;2;2;3;3;3;3;2
2;2;3;3;3;3;2;2;2;2;2;2;2;2;2;2;2;2;2;2;2;3;3;3;3;2;2
2;2;2;3;3;3;3;2;2;2;2;2;2;2;2;2;2;2;2;2;3;3;3;3;2;2;2
2;2;2;2;3;3;3;3;2;2;2;2;2;2;2;2;2;2;2;3;3;3;3;2;2;2;2
2;2;2;2;2;3;3;3;3;2;2;2;2;2;2;2;2;2;3;3;3;3;2;2;2;2;2
2;2;2;2;2;2;3;3;3;3;2;2;2;2;2;2;2;3;3;3;3;2;2;2;2;2;2
2;2;2;2;2;2;2;3;3;3;3;2;2;2;2;2;3;3;3;3;2;2;2;2;2;2;2
2;2;2;2;2;2;2;2;3;3;3;3;3;2;3;3;3;3;3;2;2;2;2;2;2;2;2
2;2;2;2;2;2;2;2;2;3;3;3;3;3;3;3;3;3;2;2;2;2;2;2;2;2;2
2;2;2;2;2;2;2;2;3;3;3;3;3;2;3;3;3;3;3;2;2;2;2;2;2;2;2
2;2;2;2;2;2;2;3;3;3;3;2;2;2;2;2;3;3;3;3;2;2;2;2;2;2;2
2;2;2;2;2;2;3;3;3;3;2;2;2;2;2;2;2;3;3;3;3;2;2;2;2;2;2
2;2;2;2;2;3;3;3;3;2;2;2;2;2;2;2;2;2;3;3;3;3;2;2;2;2;2
2;2;2;2;3;3;3;3;2;2;2;2;2;2;2;2;2;2;2;3;3;3;3;2;2;2;2
2;2;2;3;3;3;3;2;2;2;2;2;2;2;2;2;2;2;2;2;3;3;3;3;2;2;2
2;2;3;3;3;3;2;2;2;2;2;2;2;2;2;2;2;2;2;2;2;3;3;3;3;2;2
2;3;3;3;3;2;2;2;2;2;2;2;2;2;2;2;2;2;2;2;2;2;3;3;3;3;2
3;3;3;3;2;2;2;2;2;2;2;2;2;2;2;2;2;2;2;2;2;2;2;3;3;3;3
Cuba;Havana;Espanol;America;Pesos;Roman Catholicism;Cubano;;;;;;;;;;;;;;;;;;;;
1;2;2;2;2;2;2;2;2;2;2;2;2;2;2;2;2;2;2;2;2;2;2;2;2;2;2
1;1;2;2;2;2;2;2;2;2;2;2;2;2;2;2;2;2;2;2;2;2;2;2;2;2;2
1;1;1;2;2;2;2;2;2;2;2;2;2;2;2;2;2;2;2;2;2;2;2;2;2;2;2
1;1;1;1;2;2;2;2;2;2;2;2;2;2;2;2;2;2;2;2;2;2;2;2;2;2;2
1;1;1;1;1;3;3;3;3;3;3;3;3;3;3;3;3;3;3;3;3;3;3;3;3;3;3
1;1;1;1;1;1;3;3;3;3;3;3;3;3;3;3;3;3;3;3;3;3;3;3;3;3;3
1;1;1;1;1;1;1;3;3;3;3;3;3;3;3;3;3;3;3;3;3;3;3;3;3;3;3
1;1;1;3;1;1;1;1;3;3;3;3;3;3;3;3;3;3;3;3;3;3;3;3;3;3;3
1;1;3;3;3;1;1;1;1;2;2;2;2;2;2;2;2;2;2;2;2;2;2;2;2;2;2
1;1;3;3;3;1;1;1;1;1;2;2;2;2;2;2;2;2;2;2;2;2;2;2;2;2;2
1;1;3;3;3;1;1;1;1;2;2;2;2;2;2;2;2;2;2;2;2;2;2;2;2;2;2
1;1;1;3;1;1;1;1;3;3;3;3;3;3;3;3;3;3;3;3;3;3;3;3;3;3;3
1;1;1;1;1;1;1;3;3;3;3;3;3;3;3;3;3;3;3;3;3;3;3;3;3;3;3
1;1;1;1;1;1;3;3;3;3;3;3;3;3;3;3;3;3;3;3;3;3;3;3;3;3;3
1;1;1;1;1;3;3;3;3;3;3;3;3;3;3;3;3;3;3;3;3;3;3;3;3;3;3
1;1;1;1;2;2;2;2;2;2;2;2;2;2;2;2;2;2;2;2;2;2;2;2;2;2;2
1;1;1;2;2;2;2;2;2;2;2;2;2;2;2;2;2;2;2;2;2;2;2;2;2;2;2
1;1;2;2;2;2;2;2;2;2;2;2;2;2;2;2;2;2;2;2;2;2;2;2;2;2;2
1;2;2;2;2;2;2;2;2;2;2;2;2;2;2;2;2;2;2;2;2;2;2;2;2;2;2
Rusia;Moscu;Ruso;Asia;Rublo;Iglesia Ortodoxa Rusa;Ruso;;;;;;;;;;;;;;;;;;;;
3;3;3;3;3;3;3;3;3;3;3;3;3;3;3;3;3;3;3;3;3;3;3;3;3;3;3
3;3;3;3;3;3;3;3;3;3;3;3;3;3;3;3;3;3;3;3;3;3;3;3;3;3;3
3;3;3;3;3;3;3;3;3;3;3;3;3;3;3;3;3;3;3;3;3;3;3;3;3;3;3
3;3;3;3;3;3;3;3;3;3;3;3;3;3;3;3;3;3;3;3;3;3;3;3;3;3;3
3;3;3;3;3;3;3;3;3;3;3;3;3;3;3;3;3;3;3;3;3;3;3;3;3;3;3
3;3;3;3;3;3;3;3;3;3;3;3;3;3;3;3;3;3;3;3;3;3;3;3;3;3;3
3;3;3;3;3;3;3;3;3;3;3;3;3;3;3;3;3;3;3;3;3;3;3;3;3;3;3
2;2;2;2;2;2;2;2;2;2;2;2;2;2;2;2;2;2;2;2;2;2;2;2;2;2;2
2;2;2;2;2;2;2;2;2;2;2;2;2;2;2;2;2;2;2;2;2;2;2;2;2;2;2
2;2;2;2;2;2;2;2;2;2;2;2;2;2;2;2;2;2;2;2;2;2;2;2;2;2;2
2;2;2;2;2;2;2;2;2;2;2;2;2;2;2;2;2;2;2;2;2;2;2;2;2;2;2
2;2;2;2;2;2;2;2;2;2;2;2;2;2;2;2;2;2;2;2;2;2;2;2;2;2;2
1;1;1;1;1;1;1;1;1;1;1;1;1;1;1;1;1;1;1;1;1;1;1;1;1;1;1
1;1;1;1;1;1;1;1;1;1;1;1;1;1;1;1;1;1;1;1;1;1;1;1;1;1;1
1;1;1;1;1;1;1;1;1;1;1;1;1;1;1;1;1;1;1;1;1;1;1;1;1;1;1
1;1;1;1;1;1;1;1;1;1;1;1;1;1;1;1;1;1;1;1;1;1;1;1;1;1;1
1;1;1;1;1;1;1;1;1;1;1;1;1;1;1;1;1;1;1;1;1;1;1;1;1;1;1
1;1;1;1;1;1;1;1;1;1;1;1;1;1;1;1;1;1;1;1;1;1;1;1;1;1;1
1;1;1;1;1;1;1;1;1;1;1;1;1;1;1;1;1;1;1;1;1;1;1;1;1;1;1
Sri Lanka;Colombo;Tamil;Asia;Rupia;Buddhism;esrilanques;;;;;;;;;;;;;;;;;;;;
4;4;4;4;4;4;4;4;4;4;4;4;4;4;4;4;4;4;4;4;4;4;4;4;4;4;4
4;4;4;4;4;4;4;4;4;4;4;4;4;4;4;4;4;4;4;4;4;4;4;4;4;4;4
4;4;5;5;5;1;1;1;4;4;1;1;1;1;1;1;1;1;1;1;1;1;1;1;1;4;4
4;4;5;5;5;1;1;1;4;4;1;4;1;1;1;1;1;1;1;1;1;1;1;4;1;4;4
4;4;5;5;5;1;1;1;4;4;1;1;4;1;1;1;1;1;1;1;1;1;4;1;1;4;4
4;4;5;5;5;1;1;1;4;4;1;1;1;1;1;1;1;1;1;4;4;1;1;1;1;4;4
4;4;5;5;5;1;1;1;4;4;1;1;4;1;4;4;4;1;4;1;1;1;1;1;1;4;4
4;4;5;5;5;1;1;1;4;4;1;1;4;1;4;4;4;1;1;4;4;1;1;1;1;4;4
4;4;5;5;5;1;1;1;4;4;1;1;4;1;1;1;4;1;1;1;1;4;1;1;1;4;4
4;4;5;5;5;1;1;1;4;4;1;1;4;1;1;4;4;4;4;4;4;1;1;1;1;4;4
4;4;5;5;5;1;1;1;4;4;1;1;4;4;1;4;4;4;4;4;4;1;1;1;1;4;4
4;4;5;5;5;1;1;1;4;4;1;1;4;1;4;4;4;4;4;4;4;1;1;1;1;4;4
4;4;5;5;5;1;1;1;4;4;1;1;1;1;1;4;1;1;1;1;4;1;1;1;1;4;4
4;4;5;5;5;1;1;1;4;4;1;1;1;1;1;4;1;1;1;1;4;1;1;1;1;4;4
4;4;5;5;5;1;1;1;4;4;1;1;4;1;1;1;1;1;1;1;1;1;4;1;1;4;4
4;4;5;5;5;1;1;1;4;4;1;4;1;1;1;1;1;1;1;1;1;1;1;4;1;4;4
4;4;5;5;5;1;1;1;4;4;1;1;1;1;1;1;1;1;1;1;1;1;1;1;1;4;4
4;4;4;4;4;4;4;4;4;4;4;4;4;4;4;4;4;4;4;4;4;4;4;4;4;4;4
4;4;4;4;4;4;4;4;4;4;4;4;4;4;4;4;4;4;4;4;4;4;4;4;4;4;4
Gambia;Banjul;ingles;Africa;Gambian dalasi;Islam;Gambiano;;;;;;;;;;;;;;;;;;;;
1;1;1;1;1;1;1;1;1;1;1;1;1;1;1;1;1;1;1;1;1;1;1;1;1;1;1
1;1;1;1;1;1;1;1;1;1;1;1;1;1;1;1;1;1;1;1;1;1;1;1;1;1;1
1;1;1;1;1;1;1;1;1;1;1;1;1;1;1;1;1;1;1;1;1;1;1;1;1;1;1
1;1;1;1;1;1;1;1;1;1;1;1;1;1;1;1;1;1;1;1;1;1;1;1;1;1;1
1;1;1;1;1;1;1;1;1;1;1;1;1;1;1;1;1;1;1;1;1;1;1;1;1;1;1
1;1;1;1;1;1;1;1;1;1;1;1;1;1;1;1;1;1;1;1;1;1;1;1;1;1;1
3;3;3;3;3;3;3;3;3;3;3;3;3;3;3;3;3;3;3;3;3;3;3;3;3;3;3
2;2;2;2;2;2;2;2;2;2;2;2;2;2;2;2;2;2;2;2;2;2;2;2;2;2;2
2;2;2;2;2;2;2;2;2;2;2;2;2;2;2;2;2;2;2;2;2;2;2;2;2;2;2
2;2;2;2;2;2;2;2;2;2;2;2;2;2;2;2;2;2;2;2;2;2;2;2;2;2;2
2;2;2;2;2;2;2;2;2;2;2;2;2;2;2;2;2;2;2;2;2;2;2;2;2;2;2
2;2;2;2;2;2;2;2;2;2;2;2;2;2;2;2;2;2;2;2;2;2;2;2;2;2;2
3;3;3;3;3;3;3;3;3;3;3;3;3;3;3;3;3;3;3;3;3;3;3;3;3;3;3
5;5;5;5;5;5;5;5;5;5;5;5;5;5;5;5;5;5;5;5;5;5;5;5;5;5;5
5;5;5;5;5;5;5;5;5;5;5;5;5;5;5;5;5;5;5;5;5;5;5;5;5;5;5
5;5;5;5;5;5;5;5;5;5;5;5;5;5;5;5;5;5;5;5;5;5;5;5;5;5;5
5;5;5;5;5;5;5;5;5;5;5;5;5;5;5;5;5;5;5;5;5;5;5;5;5;5;5
5;5;5;5;5;5;5;5;5;5;5;5;5;5;5;5;5;5;5;5;5;5;5;5;5;5;5
5;5;5;5;5;5;5;5;5;5;5;5;5;5;5;5;5;5;5;5;5;5;5;5;5;5;5
Chile;Santiago;Espanol;America;Peso;Cristianismo;Chileno;;;;;;;;;;;;;;;;;;;;
2;2;2;2;2;2;2;2;2;3;3;3;3;3;3;3;3;3;3;3;3;3;3;3;3;3;3
2;2;2;2;3;2;2;2;2;3;3;3;3;3;3;3;3;3;3;3;3;3;3;3;3;3;3
2;2;3;2;3;2;3;2;2;3;3;3;3;3;3;3;3;3;3;3;3;3;3;3;3;3;3
2;2;2;3;3;3;2;2;2;3;3;3;3;3;3;3;3;3;3;3;3;3;3;3;3;3;3
2;2;2;2;3;2;2;2;2;3;3;3;3;3;3;3;3;3;3;3;3;3;3;3;3;3;3
2;2;2;3;2;3;2;2;2;3;3;3;3;3;3;3;3;3;3;3;3;3;3;3;3;3;3
2;2;3;2;2;2;3;2;2;3;3;3;3;3;3;3;3;3;3;3;3;3;3;3;3;3;3
2;2;2;2;2;2;2;2;2;3;3;3;3;3;3;3;3;3;3;3;3;3;3;3;3;3;3
2;2;2;2;2;2;2;2;2;3;3;3;3;3;3;3;3;3;3;3;3;3;3;3;3;3;3
1;1;1;1;1;1;1;1;1;1;1;1;1;1;1;1;1;1;1;1;1;1;1;1;1;1;1
1;1;1;1;1;1;1;1;1;1;1;1;1;1;1;1;1;1;1;1;1;1;1;1;1;1;1
1;1;1;1;1;1;1;1;1;1;1;1;1;1;1;1;1;1;1;1;1;1;1;1;1;1;1
1;1;1;1;1;1;1;1;1;1;1;1;1;1;1;1;1;1;1;1;1;1;1;1;1;1;1
1;1;1;1;1;1;1;1;1;1;1;1;1;1;1;1;1;1;1;1;1;1;1;1;1;1;1
1;1;1;1;1;1;1;1;1;1;1;1;1;1;1;1;1;1;1;1;1;1;1;1;1;1;1
1;1;1;1;1;1;1;1;1;1;1;1;1;1;1;1;1;1;1;1;1;1;1;1;1;1;1
1;1;1;1;1;1;1;1;1;1;1;1;1;1;1;1;1;1;1;1;1;1;1;1;1;1;1
1;1;1;1;1;1;1;1;1;1;1;1;1;1;1;1;1;1;1;1;1;1;1;1;1;1;1
1;1;1;1;1;1;1;1;1;1;1;1;1;1;1;1;1;1;1;1;1;1;1;1;1;1;1
